<?xml version="1.0" encoding="UTF-8" standalone="yes"?>
<addon
  id="plugin.video.vistavidics"
  version="2.0.4"
  name="VistaTV Vidics Scraper"
  provider-name="VistaTV">
  <requires>
        <import addon="xbmc.python" version="2.1.0" optional="true" />
		<import addon="script.module.simplejson" />
        <import addon="script.module.urlresolver" />
		<import addon="script.module.t0mm0.common" />
        <import addon="script.cerebro.pairwith" />
        <import addon="script.cerebro.pairwith.laucnher" />
        <import addon="script.module.requests" />
		<import addon="script.module.futures" />
		<import addon="script.module.beautifulsoup" />
		<import addon="script.module.beautifulsoup4" />

  </requires>
  <extension point="xbmc.python.pluginsource"
            library="default.py">
        <provides>video</provides>
  </extension>
  <extension point="xbmc.addon.metadata">
    <summary>VistaTV Vidics Scraper</summary>
    <description>Watch Movies and TVShows from Vidics</description>
    <platform>all</platform>
  </extension>
</addon>