<?xml version="1.0" encoding="UTF-8"?>
    <addon id="repository.steptoes" name="Steptoes Repo" version="2.0" provider-name="Steptoe">
        <requires>
            <import addon="xbmc.addon" version="12.0.0"/>
        </requires>
        <extension point="xbmc.addon.repository" name="Steptoes Repo">
            <info compressed="false">http://steptoesplace.net/_repo/addons.xml</info>
            <checksum>http://steptoesplace.net/_repo/addons.xml.md5</checksum>
            <datadir zip="true">http://steptoesplace.net/_repo/</datadir>
			<dir>
		<info compressed="false">https://raw.githubusercontent.com/totalrevolution/python-koding/master/zips/addons.xml</info>	
		<checksum>https://raw.githubusercontent.com/totalrevolution/python-koding/master/zips/addons.xml.md5</checksum>
		<datadir zip="true">https://raw.githubusercontent.com/totalrevolution/python-koding/master/zips/</datadir>
	</dir>
<dir>
		<info compressed="false">https://raw.githubusercontent.com/duncanh52/modrepo/master/addons.xml</info>
		<checksum>https://raw.githubusercontent.com/duncanh52/modrepo/master/addons.xml.md5</checksum>
		<datadir zip="true">https://raw.githubusercontent.com/duncanh52/modrepo/master/plugins/</datadir>
	</dir>
<dir>
        <info compressed="false">https://raw.githubusercontent.com/teamuniversal/scrapers/master/_modules4all/zips/addons.xml</info>
        <checksum>https://raw.githubusercontent.com/teamuniversal/scrapers/master/_modules4all/zips/addons.xml.md5</checksum>
        <datadir zip="true">https://raw.githubusercontent.com/teamuniversal/scrapers/master/_modules4all/zips/</datadir>
    </dir>
<dir>
        <info compressed="false">https://raw.githubusercontent.com/jsergio123/zips/master/addons.xml</info>
        <checksum>https://raw.githubusercontent.com/jsergio123/zips/master/addons.xml.md5</checksum>
        <datadir zip="true">https://raw.githubusercontent.com/jsergio123/zips/master/</datadir>
    </dir>
            <hashes>false</hashes>
        </extension>
        <extension point="xbmc.addon.metadata">
            <summary>Steptoes Repo</summary>
            <description>Repo For My Addon.</description>
            <platform>all</platform>
    </extension>
</addon>