<?xml version="1.0" encoding="UTF-8"?>
<addon id="repository.PureRepo" name="[COLOR white][B]PureRepo[/B][/COLOR]" version="0.0.1" provider-name="@PureRepo">
        <requires>
            <import addon="xbmc.addon" version="12.0.0"/>
        </requires>
        <extension point="xbmc.addon.repository" name="[COLOR white][B]PureRepo[/B][/COLOR]">
		<dir>
            <info compressed="false">https://raw.githubusercontent.com/PureRepo1/PureRepo/master/Zips/addons.xml</info>
            <checksum>https://raw.githubusercontent.com/PureRepo1/PureRepo/master/Zips/addons.xml.md5</checksum>
            <datadir zip="true">https://raw.githubusercontent.com/PureRepo1/PureRepo/master/Zips/</datadir>
		</dir>
            <dir>
                <info compressed="false">https://raw.githubusercontent.com/jsergio123/zips/master/addons.xml</info>
                <checksum>https://raw.githubusercontent.com/jsergio123/zips/master/addons.xml.md5</checksum>
                <datadir zip="true">https://raw.githubusercontent.com/jsergio123/zips/master/</datadir>
            </dir>
            <dir>
                <info compressed="false">https://raw.githubusercontent.com/totalrevolution/python-koding/master/zips/addons.xml</info>
                <checksum>https://raw.githubusercontent.com/totalrevolution/python-koding/master/zips/addons.xml.md5</checksum>
                <datadir zip="true">https://raw.githubusercontent.com/totalrevolution/python-koding/master/zips/</datadir>
            </dir>
			<dir>
				<info compressed="false">http://teamuniversal.xyz/modules4all/addons.xml</info>
				<checksum>http://teamuniversal.xyz/modules4all/addons.xml.md5</checksum>
				<datadir zip="true">http://teamuniversal.xyz/modules4all/</datadir>
			</dir>
        </extension>
        <extension point="xbmc.addon.metadata">
            <summary>PureRepo Repo</summary>
            <description>PureRepo Repo</description>
            <platform>all</platform>
    </extension>
</addon>