<?xml version="1.0" encoding="UTF-8" standalone="yes"?>
<addon id="repository.vistafree" name="VistaTVs Free Addon Repo" version="1.8" provider-name="VistaTV">
	<extension point="xbmc.addon.repository" name="VistaTVs FREE Addon Repo">
		<dir>
			<info compressed="false">https://raw.githubusercontent.com/biglad/CerebroTVRepo/master/addons.xml</info>
			<checksum>https://raw.githubusercontent.com/biglad/CerebroTVRepo/master/addons.xml.md5</checksum>
			<datadir zip="true">https://raw.githubusercontent.com/biglad/CerebroTVRepo/master/zips/</datadir>  
		</dir>
	</extension>
	<extension point="xbmc.addon.metadata">
		<summary></summary>
		<description>VistaTVs TVs FREE Repo</description>
		<platform>all</platform>
	</extension>
</addon>

