<?xml version="1.0" encoding="UTF-8" standalone="yes"?>
<addon id="plugin.video.tvheaven" name=" [COLOR black].[/COLOR][COLOR ghostwhite][B]Cerebro TV Heaven[/B][/COLOR]" version="1.0.21" provider-name="Biglad">  
	<requires>
		<import addon="xbmc.python" version="2.1.0"/>    
		<import addon="script.module.urlresolver"  version="2.1.2"/> 
		<import addon="script.cerebro.pairwith" />
        <import addon="script.cerebro.pairwith.laucnher" />
        <import addon="script.module.requests" />
		<import addon="script.cerebro.backend" />
		<import addon="repository.cerebro" />
	</requires>  
	<extension point="xbmc.python.pluginsource" library="default.py">        
		<provides>video</provides>  
	</extension>  
	<extension point="xbmc.addon.metadata">    
		<summary lang="en"></summary>    
		<description lang="en"></description>    
		<platform>all</platform>  
	</extension>
</addon>