﻿<?xml version="1.0" encoding="UTF-8" standalone="yes"?>
<addon id="plugin.video.slartibartfast" name="Slartibartfast" version="3.0.6" provider-name="VistaTV">
	<requires>
		<import addon="xbmc.python" version="2.1.0" />
		<import addon="script.module.pyxbmct" />
		<import addon="script.module.urlresolver" />
		<!--<import addon="script.module.resolveurl" />-->
		<import addon="script.module.metahandler" />
		<import addon="script.video.F4mProxy"/>
		<import addon="script.module.slartibartfast"/>
		<import addon="script.module.slartibartfastiptv"/>
		<import addon="script.cerebro.pairwith.laucnher"/>
		<import addon="plugin.video.itv"/>
	</requires>
	<extension point="xbmc.python.pluginsource" library="default.py">
		<provides>video</provides>
	</extension>
	<extension point="xbmc.addon.metadata">
		<summary lang="en">vistatv</summary>
		<description lang="en"></description>
		<disclaimer lang="en">[COLOR ffff0000][B]The author does not own or host any content found within this Addon. The Author is not connected to or in any other way affiliated with Kodi, Team Kodi, or the XBMC Foundation.[/B][/COLOR]</disclaimer>
		<platform>all</platform>
		<forum></forum>
		<assets>
			<icon>icon.png</icon>
			<fanart>fanart.jpg</fanart>
		</assets>
		<news></news>
	</extension>
</addon>