<addon id="repository.elementum" name="Elementum Repository" version="0.0.44" provider-name="elgatito">
<requires>
</requires>
<extension point="xbmc.addon.repository" name="Elementum Repository">
<info compressed="false">http://localhost:65220/repository/elgatito/plugin.video.elementum/addons.xml</info>
<checksum>http://localhost:65220/repository/elgatito/plugin.video.elementum/addons.xml.md5</checksum>
<datadir zip="true">http://localhost:65220/repository/elgatito/</datadir>
</extension>
<extension point="xbmc.addon.metadata">
<platform>all</platform>
<summary lang="en">GitHub repository for Elementum updates</summary>
</extension>
</addon>