<?xml version="1.0" encoding="UTF-8" standalone="yes"?>
<addon id="plugin.video.cerebrozstrictlyhd" name="Cerebro Strictly HD" version="1.0.7" provider-name="Biglad, @LuciferOnKodi, SpezC">
  <requires>
    <import addon="xbmc.python" version="2.1.0"/>
	<import addon="script.module.beautifulsoup" version="3.2.1"/>
	<import addon="script.module.urlresolver" version="4.0.07"/>
	<import addon="script.module.requests" version="2.9.1"/>
	<import addon="script.module.futures" version="2.2.0"/>
  </requires>
  <extension point="xbmc.python.pluginsource" library="addon.py">
    <provides>video</provides>
  </extension>
  <extension point="xbmc.addon.metadata">
    <summary>You place for HD-only content. No Real Debrid needed.</summary>
    <description>This multi-scraper Add-On does all the hard work for you. Scouring sites and tracking down as many links as possible, all of which are for Strictly HD content that is all viewable [I]without[/I]  Real-Debrid. Search, Click, Sit back and Enjoy.</description>
    <disclaimer>I do not own, nor host any content provided within this add-on. All links are gathered from publicly available resources.</disclaimer>
    <language>english</language>
    <platform>all</platform>
    <license>GNU General Public License v3.0</license>
    <forum></forum>
    <website></website>
    <email></email>
    <source></source>
    <news></news>
    <assets>
        <icon>icon.png</icon>
        <fanart>fanart.jpg</fanart>
        <screenshot></screenshot>
    </assets>
  </extension>
</addon>
