<?xml version="1.0" encoding="UTF-8" standalone="yes"?>
<addon id="script.cerebro.pairwith"
  name="VistaTV Pair With"
  version="2.4" 
  provider-name="VistaTV">
  <requires>
    <import addon="xbmc.python" version="2.1.0"/>
	<import addon="script.module.requests" />
	<import addon="repository.cerebro" />
  </requires>
  <extension point="xbmc.python.script" library="addon.py">
    <provides>executable</provides>
  </extension>
  <extension point="xbmc.addon.metadata">
    <platform>all</platform>
    <summary lang="en">VistaTV Menu System</summary>
    <description lang="en">VistaTV Menu System</description>
	<disclaimer>VistaTV Menu System</disclaimer>
  </extension>
</addon>
