<?xml version="1.0" encoding="UTF-8" standalone="yes"?>
<addon id="script.vistatvshowbox.artwork" version="1.0.12" name="VistaTV ShowBox Artwork" provider-name="VistaTV">
	<requires>
		<import addon="xbmc.python" version="2.19.0"/>
	</requires>
	<extension point="xbmc.python.module" library="lib" />
	<extension point="xbmc.addon.metadata">
		<summary>Themes for the VistaTV ShowBox Addon</summary>
		<description>Themes for VistaTV ShowBox are maintained separately to make distribution of the the addon itself easier/faster.</description>
		<platform>all</platform>
	</extension>
</addon>
