﻿<?xml version="1.0" encoding="UTF-8" standalone="yes"?>
<addon id="script.cerebrotv"
    name=".[COLOR=red]Cerebro BUILD INSTALLER (PREMIUM)[/COLOR] NEED A PIN CODE TO INSTALL!!!" version="1.0.2" provider-name="CerebroTV">
  <requires>
    <import addon="xbmc.python" version="2.1.0"/>
  </requires>
  <extension point="xbmc.python.script" library="addon.py"> 
     <provides>executable video</provides> 
  </extension> 
  <extension point="xbmc.service" library="addon.py" start="startup" />
  <extension point="xbmc.addon.metadata">
<language></language>
    <platform>all</platform>
    <license>CEREBROTV 2017</license>
    <forum>CEREBROTV 2017</forum>
    <source></source>
  </extension>
</addon>
