<?xml version="1.0" encoding="UTF-8" standalone="yes"?>
<addon 
  id="repository.phoenixreborn" 
  name="Kodi Phoenix Reborn Repository" 
  version="1.1.0" 
  provider-name="phoenixreborn">
	<extension point="xbmc.addon.repository" 
             name="Kodi Phoenix Reborn Repository">
    <info compressed="false">http://phoenixrebornbuild.com.hr/phoenixrepo/addons.txt</info>
    <checksum>http://phoenixrebornbuild.com.hr/phoenixrepo/addons.xml.gz.md5</checksum>
    <datadir zip="true">http://phoenixrebornbuild.com.hr/phoenixrepo/programi/</datadir>
	</extension>
	<extension point="xbmc.addon.metadata">
		<summary>Repo for PhoenixReborn Addons</summary>
		<description>Download and install addons by PhoenixReborn.</description>
		<platform>all</platform>
	</extension>
</addon>